,Title,Company,Location,Link
0,Architectural Designer,Actalent,"Richmond, VA",https://www.linkedin.com/jobs/view/architectural-designer-at-actalent-4014430123?position=43&pageNum=0&refId=uPux%2FdM3IJyqQ3f74hDeJg%3D%3D&trackingId=evVYKSkdboHeIQqcZWl6Qw%3D%3D&trk=public_jobs_jserp-result_search-card
1,Junior Web/Interactive QA Tester,Phoenix Recruitment,"Philadelphia, PA",https://www.linkedin.com/jobs/view/junior-web-interactive-qa-tester-at-phoenix-recruitment-4014282721?position=44&pageNum=0&refId=uPux%2FdM3IJyqQ3f74hDeJg%3D%3D&trackingId=1GJ%2FHL21BiuzBbLFLYjfeQ%3D%3D&trk=public_jobs_jserp-result_search-card
2,Remote Drafter,Actalent,"Syracuse, NY",https://www.linkedin.com/jobs/view/remote-drafter-at-actalent-4014424741?position=45&pageNum=0&refId=uPux%2FdM3IJyqQ3f74hDeJg%3D%3D&trackingId=dh2FqJYkGXpySc1oHKsWZg%3D%3D&trk=public_jobs_jserp-result_search-card
3,Remote Drafter,Actalent,"Syracuse, NY",https://www.linkedin.com/jobs/view/remote-drafter-at-actalent-4014424708?position=46&pageNum=0&refId=uPux%2FdM3IJyqQ3f74hDeJg%3D%3D&trackingId=dYXYItEchu8Htsy1hJEzXA%3D%3D&trk=public_jobs_jserp-result_search-card
4,Data Entry Clerk - Work From Home,A Hiring Company,"Jacksonville, FL",https://www.linkedin.com/jobs/view/data-entry-clerk-work-from-home-at-a-hiring-company-4014436237?position=47&pageNum=0&refId=uPux%2FdM3IJyqQ3f74hDeJg%3D%3D&trackingId=WNaei70efK9grI1isL0ydQ%3D%3D&trk=public_jobs_jserp-result_search-card
5,Fully Remote Pharmacy Technician,Actalent,"Raleigh, NC",https://www.linkedin.com/jobs/view/fully-remote-pharmacy-technician-at-actalent-4014421403?position=48&pageNum=0&refId=uPux%2FdM3IJyqQ3f74hDeJg%3D%3D&trackingId=T%2BPoBV1lFQF8Mx%2Fz5OqgUQ%3D%3D&trk=public_jobs_jserp-result_search-card
6,CAD Drafter (ENTRY LEVEL),Actalent,"Mansfield, MA",https://www.linkedin.com/jobs/view/cad-drafter-entry-level-at-actalent-4014421547?position=49&pageNum=0&refId=uPux%2FdM3IJyqQ3f74hDeJg%3D%3D&trackingId=sT4L%2FlKktvyh7SadboZaTA%3D%3D&trk=public_jobs_jserp-result_search-card
7,Data Entry Representative - Remote,A Hiring Company,"Denver, CO",https://www.linkedin.com/jobs/view/data-entry-representative-remote-at-a-hiring-company-4014436397?position=50&pageNum=0&refId=uPux%2FdM3IJyqQ3f74hDeJg%3D%3D&trackingId=ElbAK3BI1%2B12Xcbn0tkeYg%3D%3D&trk=public_jobs_jserp-result_search-card
8,"WDI Show Writing & Story Development Intern, Spring 2025",Walt Disney Imagineering,"Lake Buena Vista, FL",https://www.linkedin.com/jobs/view/wdi-show-writing-story-development-intern-spring-2025-at-walt-disney-imagineering-4014287839?position=51&pageNum=0&refId=uPux%2FdM3IJyqQ3f74hDeJg%3D%3D&trackingId=nOyJjOD5lOFygMuTuYkTmw%3D%3D&trk=public_jobs_jserp-result_search-card
9,LMFT (Remote),WorkatHome-JobBoard,"Virginia Beach, VA",https://www.linkedin.com/jobs/view/lmft-remote-at-workathome-jobboard-4014281665?position=52&pageNum=0&refId=uPux%2FdM3IJyqQ3f74hDeJg%3D%3D&trackingId=C6p8gGpOHCPrsfkGvgw4pA%3D%3D&trk=public_jobs_jserp-result_search-card
10,Life Care Planner,Sheakley,United States,https://www.linkedin.com/jobs/view/life-care-planner-at-sheakley-4014275569?position=53&pageNum=0&refId=uPux%2FdM3IJyqQ3f74hDeJg%3D%3D&trackingId=AmVtWzOd4C0S6O9nt9FCAA%3D%3D&trk=public_jobs_jserp-result_search-card
11,Management and Program Analyst.,Bureau of Land Management,"Lakeview, OR",https://www.linkedin.com/jobs/view/management-and-program-analyst-at-bureau-of-land-management-4014425069?position=54&pageNum=0&refId=uPux%2FdM3IJyqQ3f74hDeJg%3D%3D&trackingId=mShkNIqGPzdZC3kQxTMukA%3D%3D&trk=public_jobs_jserp-result_search-card
12,People Operations Generalist (West Coast Preferred),"Docker, Inc",United States,https://www.linkedin.com/jobs/view/people-operations-generalist-west-coast-preferred-at-docker-inc-4014280911?position=55&pageNum=0&refId=uPux%2FdM3IJyqQ3f74hDeJg%3D%3D&trackingId=%2FybgfsNo5sBxcUB6qH0Huw%3D%3D&trk=public_jobs_jserp-result_search-card
13,Live Chat Support Agent - Remote,A Hiring Company,"Atlanta, GA",https://www.linkedin.com/jobs/view/live-chat-support-agent-remote-at-a-hiring-company-4014434329?position=56&pageNum=0&refId=uPux%2FdM3IJyqQ3f74hDeJg%3D%3D&trackingId=P48U%2BMYAB1re%2F1OHWVJXjQ%3D%3D&trk=public_jobs_jserp-result_search-card
14,Forestry Technician.,Bureau of Indian Affairs,"Whiteriver, AZ",https://www.linkedin.com/jobs/view/forestry-technician-at-bureau-of-indian-affairs-4014426000?position=57&pageNum=0&refId=uPux%2FdM3IJyqQ3f74hDeJg%3D%3D&trackingId=4ys30b26JCrvccxHEKjTcg%3D%3D&trk=public_jobs_jserp-result_search-card
15,Remote Concurrent Review Nurse,Actalent,"Raleigh, NC",https://www.linkedin.com/jobs/view/remote-concurrent-review-nurse-at-actalent-4014424338?position=58&pageNum=0&refId=uPux%2FdM3IJyqQ3f74hDeJg%3D%3D&trackingId=4wyxuvFYUHlwX3xmXONqJQ%3D%3D&trk=public_jobs_jserp-result_search-card
16,Junior Virtual Assistant,Phoenix Recruitment,"Philadelphia, PA",https://www.linkedin.com/jobs/view/junior-virtual-assistant-at-phoenix-recruitment-4014287313?position=59&pageNum=0&refId=uPux%2FdM3IJyqQ3f74hDeJg%3D%3D&trackingId=o0bwoeh68PhbdJca6rG0Hw%3D%3D&trk=public_jobs_jserp-result_search-card
17,Executive Recruiter,Hunt & Hired,"Texas, United States",https://www.linkedin.com/jobs/view/executive-recruiter-at-hunt-hired-4014421243?position=1&pageNum=0&refId=uPux%2FdM3IJyqQ3f74hDeJg%3D%3D&trackingId=mzcsysJwc63uL%2FgBDmxWuQ%3D%3D&trk=public_jobs_jserp-result_search-card
18,Executive Recruiter,Hunt & Hired,"Florida, United States",https://www.linkedin.com/jobs/view/executive-recruiter-at-hunt-hired-4014417998?position=2&pageNum=0&refId=uPux%2FdM3IJyqQ3f74hDeJg%3D%3D&trackingId=oaywN9UNKsXmqOLOf1d18Q%3D%3D&trk=public_jobs_jserp-result_search-card
19,Entry-Level Data Entry Clerk Admin (Fully Remote),AllStaff Staffing & Recruiting,"Virginia, United States",https://www.linkedin.com/jobs/view/entry-level-data-entry-clerk-admin-fully-remote-at-allstaff-staffing-recruiting-4014272111?position=3&pageNum=0&refId=uPux%2FdM3IJyqQ3f74hDeJg%3D%3D&trackingId=uJfcndkv1AjKzpV1%2FB4%2BTg%3D%3D&trk=public_jobs_jserp-result_search-card
20,Executive Recruiter,Hunt & Hired,"Michigan, United States",https://www.linkedin.com/jobs/view/executive-recruiter-at-hunt-hired-4014420438?position=4&pageNum=0&refId=uPux%2FdM3IJyqQ3f74hDeJg%3D%3D&trackingId=d84%2Fwu6De97StQKEeYzVdw%3D%3D&trk=public_jobs_jserp-result_search-card
21,Data Entry Assistant (100% Remote),AllStaff Staffing & Recruiting,"Texas, United States",https://www.linkedin.com/jobs/view/data-entry-assistant-100%25-remote-at-allstaff-staffing-recruiting-4014267873?position=5&pageNum=0&refId=uPux%2FdM3IJyqQ3f74hDeJg%3D%3D&trackingId=sRjDkSvcI1bJy5a2%2BFt1Sg%3D%3D&trk=public_jobs_jserp-result_search-card
22,Entry Level Data Entry Clerk - Part Time (100% Remote),AllStaff Staffing & Recruiting,"Florida, United States",https://www.linkedin.com/jobs/view/entry-level-data-entry-clerk-part-time-100%25-remote-at-allstaff-staffing-recruiting-4014268881?position=6&pageNum=0&refId=uPux%2FdM3IJyqQ3f74hDeJg%3D%3D&trackingId=7nR4FRdvk6ozCBI%2FJNcmCA%3D%3D&trk=public_jobs_jserp-result_search-card
23,Fully Remote Data Entry Clerk - No Experience,AllStaff Staffing & Recruiting,"Virginia, United States",https://www.linkedin.com/jobs/view/fully-remote-data-entry-clerk-no-experience-at-allstaff-staffing-recruiting-4014271601?position=7&pageNum=0&refId=uPux%2FdM3IJyqQ3f74hDeJg%3D%3D&trackingId=YzjWwI4zgsPqMuYiYOqdkQ%3D%3D&trk=public_jobs_jserp-result_search-card
24,Data Entry,Opinion Focus Panel,"Houston, TX",https://www.linkedin.com/jobs/view/data-entry-at-opinion-focus-panel-4014430736?position=8&pageNum=0&refId=uPux%2FdM3IJyqQ3f74hDeJg%3D%3D&trackingId=p1FxkHF7wck9XuLCD3RLHw%3D%3D&trk=public_jobs_jserp-result_search-card
25,Executive Recruiter,Hunt & Hired,"Chicago, IL",https://www.linkedin.com/jobs/view/executive-recruiter-at-hunt-hired-4014422231?position=9&pageNum=0&refId=uPux%2FdM3IJyqQ3f74hDeJg%3D%3D&trackingId=gXMcMt4TYXdMFbU%2B1CCHBQ%3D%3D&trk=public_jobs_jserp-result_search-card
26,Data Entry Clerk Admin (Remote) Work From Home,AllStaff Staffing & Recruiting,"Virginia, United States",https://www.linkedin.com/jobs/view/data-entry-clerk-admin-remote-work-from-home-at-allstaff-staffing-recruiting-4014269871?position=10&pageNum=0&refId=uPux%2FdM3IJyqQ3f74hDeJg%3D%3D&trackingId=nJ%2FaNl5iq%2BoFmOEdH%2FVOGA%3D%3D&trk=public_jobs_jserp-result_search-card
27,Senior Customer Success Manager,Chaiz,United States,https://www.linkedin.com/jobs/view/senior-customer-success-manager-at-chaiz-4014418194?position=11&pageNum=0&refId=uPux%2FdM3IJyqQ3f74hDeJg%3D%3D&trackingId=hZVIquLNTCkSvbqXukjveQ%3D%3D&trk=public_jobs_jserp-result_search-card
28,Data Entry,Opinion Focus Panel,"Los Angeles, CA",https://www.linkedin.com/jobs/view/data-entry-at-opinion-focus-panel-4014428928?position=12&pageNum=0&refId=uPux%2FdM3IJyqQ3f74hDeJg%3D%3D&trackingId=eYqsJsepkvlR2Cy%2FAYBfiQ%3D%3D&trk=public_jobs_jserp-result_search-card
29,Entry-Level Data Entry Clerk - Part-time / Full-time (Remote),AllStaff Staffing & Recruiting,"Texas, United States",https://www.linkedin.com/jobs/view/entry-level-data-entry-clerk-part-time-full-time-remote-at-allstaff-staffing-recruiting-4014272081?position=13&pageNum=0&refId=uPux%2FdM3IJyqQ3f74hDeJg%3D%3D&trackingId=YyPk4j4HubGciI5YlOLPTw%3D%3D&trk=public_jobs_jserp-result_search-card
30,Entry Level - Research Data Analyst (Remote)Â Immediate,AllStaff Staffing & Recruiting,"Florida, United States",https://www.linkedin.com/jobs/view/entry-level-research-data-analyst-remote-%C2%A0immediate-at-allstaff-staffing-recruiting-4014267905?position=14&pageNum=0&refId=uPux%2FdM3IJyqQ3f74hDeJg%3D%3D&trackingId=94gv%2F%2FChDn38pxDo66E2Fg%3D%3D&trk=public_jobs_jserp-result_search-card
31,Data Entry Specialist,"BE A CHAMPION, INC.",United States,https://www.linkedin.com/jobs/view/data-entry-specialist-at-be-a-champion-inc-4014268943?position=15&pageNum=0&refId=uPux%2FdM3IJyqQ3f74hDeJg%3D%3D&trackingId=QZ8vnC67tG%2F5trGw%2BxdX8w%3D%3D&trk=public_jobs_jserp-result_search-card
32,Work from home-Customer Support Agent,LUXE,United States,https://www.linkedin.com/jobs/view/work-from-home-customer-support-agent-at-luxe-4014274591?position=16&pageNum=0&refId=uPux%2FdM3IJyqQ3f74hDeJg%3D%3D&trackingId=COKw29SCD5LYOFmi%2FpNU6A%3D%3D&trk=public_jobs_jserp-result_search-card
33,Data Entry Clerk,AllStaff Staffing & Recruiting,"Virginia, United States",https://www.linkedin.com/jobs/view/data-entry-clerk-at-allstaff-staffing-recruiting-4014272113?position=17&pageNum=0&refId=uPux%2FdM3IJyqQ3f74hDeJg%3D%3D&trackingId=Jtc%2F10eDDa6GTyPwzlrDOw%3D%3D&trk=public_jobs_jserp-result_search-card
34,LPC (Remote),WorkatHome-JobBoard,"Kansas City, KS",https://www.linkedin.com/jobs/view/lpc-remote-at-workathome-jobboard-4014283521?position=18&pageNum=0&refId=uPux%2FdM3IJyqQ3f74hDeJg%3D%3D&trackingId=p91SYhN7ovn1y65P%2FS1EJg%3D%3D&trk=public_jobs_jserp-result_search-card
35,Forester (Zone).,Bureau of Indian Affairs,"Billings, MT",https://www.linkedin.com/jobs/view/forester-zone-at-bureau-of-indian-affairs-4014420439?position=19&pageNum=0&refId=uPux%2FdM3IJyqQ3f74hDeJg%3D%3D&trackingId=TdnD5bPMEarXTjjkYdOOMg%3D%3D&trk=public_jobs_jserp-result_search-card
36,Clinical Review Nurse  - Remote,Actalent,"Houston, TX",https://www.linkedin.com/jobs/view/clinical-review-nurse-remote-at-actalent-4014420836?position=20&pageNum=0&refId=uPux%2FdM3IJyqQ3f74hDeJg%3D%3D&trackingId=DoMZ0pIIf%2B6Wa%2BGDjcnzrQ%3D%3D&trk=public_jobs_jserp-result_search-card
37,Senior Customer Success Manager,Chaiz,"Austin, TX",https://www.linkedin.com/jobs/view/senior-customer-success-manager-at-chaiz-4014415556?position=21&pageNum=0&refId=uPux%2FdM3IJyqQ3f74hDeJg%3D%3D&trackingId=J%2FTDnwi0%2B7g4thWTiUcfSA%3D%3D&trk=public_jobs_jserp-result_search-card
38,Wildland Firefighter - Direct Hire Authority.,Bureau of Indian Affairs,"Whiteriver, AZ",https://www.linkedin.com/jobs/view/wildland-firefighter-direct-hire-authority-at-bureau-of-indian-affairs-4014420154?position=22&pageNum=0&refId=uPux%2FdM3IJyqQ3f74hDeJg%3D%3D&trackingId=XR1bIW2xL%2BTIeO9C2W1niQ%3D%3D&trk=public_jobs_jserp-result_search-card
39,Executive Assistant,AllStaff Staffing & Recruiting,"Florida, United States",https://www.linkedin.com/jobs/view/executive-assistant-at-allstaff-staffing-recruiting-4014273057?position=23&pageNum=0&refId=uPux%2FdM3IJyqQ3f74hDeJg%3D%3D&trackingId=BQAqwZ%2BGjgFDc1QMtfhNYA%3D%3D&trk=public_jobs_jserp-result_search-card
40,CAD Drafter,Actalent,"Mansfield, MA",https://www.linkedin.com/jobs/view/cad-drafter-at-actalent-4014429426?position=24&pageNum=0&refId=uPux%2FdM3IJyqQ3f74hDeJg%3D%3D&trackingId=rl%2BFx%2B7SgXGg8cZtgplVYw%3D%3D&trk=public_jobs_jserp-result_search-card
41,LPC (Remote),WorkatHome-JobBoard,"Topeka, KS",https://www.linkedin.com/jobs/view/lpc-remote-at-workathome-jobboard-4014284463?position=25&pageNum=0&refId=uPux%2FdM3IJyqQ3f74hDeJg%3D%3D&trackingId=s8gkLEKxgauwl%2B4gsNTWKg%3D%3D&trk=public_jobs_jserp-result_search-card
42,Assistant Human Resources Officer (Assistant Human Resource Manager).,Federal Bureau of Prisons - Career Connections,"Pollock, LA",https://www.linkedin.com/jobs/view/assistant-human-resources-officer-assistant-human-resource-manager-at-federal-bureau-of-prisons-career-connections-4014422292?position=26&pageNum=0&refId=uPux%2FdM3IJyqQ3f74hDeJg%3D%3D&trackingId=oxlm5iqwUq1siEjXQhE4VA%3D%3D&trk=public_jobs_jserp-result_search-card
43,PMO Coordinator,GreySource,"Maplewood, MN",https://www.linkedin.com/jobs/view/pmo-coordinator-at-greysource-4014278463?position=27&pageNum=0&refId=uPux%2FdM3IJyqQ3f74hDeJg%3D%3D&trackingId=isvMgWu8Y9Hqf%2FXIi7CAPg%3D%3D&trk=public_jobs_jserp-result_search-card
44,HR Administrative Assistant,Tennessee Board of Regents (TBR),"Jackson, TN",https://www.linkedin.com/jobs/view/hr-administrative-assistant-at-tennessee-board-of-regents-tbr-4014283375?position=28&pageNum=0&refId=uPux%2FdM3IJyqQ3f74hDeJg%3D%3D&trackingId=tY4rHoFcsF2r9%2BxCbtHGGQ%3D%3D&trk=public_jobs_jserp-result_search-card
45,Personal Assistant,AllStaff Staffing & Recruiting,"Florida, United States",https://www.linkedin.com/jobs/view/personal-assistant-at-allstaff-staffing-recruiting-4014268913?position=29&pageNum=0&refId=uPux%2FdM3IJyqQ3f74hDeJg%3D%3D&trackingId=YYty9s8%2FI4llJnAMDr%2Fw3A%3D%3D&trk=public_jobs_jserp-result_search-card
46,Architectural Designer,Actalent,"Virginia Beach, VA",https://www.linkedin.com/jobs/view/architectural-designer-at-actalent-4014432236?position=30&pageNum=0&refId=uPux%2FdM3IJyqQ3f74hDeJg%3D%3D&trackingId=5kbKq0A3hQp%2FGFDqkiiLZA%3D%3D&trk=public_jobs_jserp-result_search-card
47,ACADEMIC ASSISTANT.,National Defense University,"Southeast, DC",https://www.linkedin.com/jobs/view/academic-assistant-at-national-defense-university-4014421236?position=31&pageNum=0&refId=uPux%2FdM3IJyqQ3f74hDeJg%3D%3D&trackingId=D%2FBOIOVtVt9KKFgaOPz5JA%3D%3D&trk=public_jobs_jserp-result_search-card
48,Vice President of Sales and Marketing,Prodigy,"Loveland, OH",https://www.linkedin.com/jobs/view/vice-president-of-sales-and-marketing-at-prodigy-4014276847?position=32&pageNum=0&refId=uPux%2FdM3IJyqQ3f74hDeJg%3D%3D&trackingId=0Li8xqX6pErg77eEmVBPaQ%3D%3D&trk=public_jobs_jserp-result_search-card
49,"Athletic Coach-All Sports, All Levels",Peoria Unified School District,"Peoria, AZ",https://www.linkedin.com/jobs/view/athletic-coach-all-sports-all-levels-at-peoria-unified-school-district-4014281759?position=33&pageNum=0&refId=uPux%2FdM3IJyqQ3f74hDeJg%3D%3D&trackingId=%2BsYZyaJtC7MEE57oWnovow%3D%3D&trk=public_jobs_jserp-result_search-card
50,"Director, Center for Global Engagement",Carlow University,"Pittsburgh, PA",https://www.linkedin.com/jobs/view/director-center-for-global-engagement-at-carlow-university-4014280575?position=34&pageNum=0&refId=uPux%2FdM3IJyqQ3f74hDeJg%3D%3D&trackingId=EBCO3Q8dL5FImRs8YWLsww%3D%3D&trk=public_jobs_jserp-result_search-card
51,Program Analyst.,Bureau of Indian Affairs,"Indiana, United States",https://www.linkedin.com/jobs/view/program-analyst-at-bureau-of-indian-affairs-4014419790?position=35&pageNum=0&refId=uPux%2FdM3IJyqQ3f74hDeJg%3D%3D&trackingId=Nky3jZqHQJ2cgvrgjUwsCA%3D%3D&trk=public_jobs_jserp-result_search-card
52,Chief Information Officer.,USPS OIG,"Arlington, VA",https://www.linkedin.com/jobs/view/chief-information-officer-at-usps-oig-4014417993?position=36&pageNum=0&refId=uPux%2FdM3IJyqQ3f74hDeJg%3D%3D&trackingId=llg5pvzux%2FqW3qYxEyO2Rw%3D%3D&trk=public_jobs_jserp-result_search-card
53,Franchise Operations Manager,LMK Recruiting Solutions,"Richmond, VA",https://www.linkedin.com/jobs/view/franchise-operations-manager-at-lmk-recruiting-solutions-4014274689?position=37&pageNum=0&refId=uPux%2FdM3IJyqQ3f74hDeJg%3D%3D&trackingId=yMzvOuP1%2BQbei%2FOJZykEMQ%3D%3D&trk=public_jobs_jserp-result_search-card
54,LCP (Remote),WorkatHome-JobBoard,"Virginia, IL",https://www.linkedin.com/jobs/view/lcp-remote-at-workathome-jobboard-4014286399?position=38&pageNum=0&refId=uPux%2FdM3IJyqQ3f74hDeJg%3D%3D&trackingId=L4UsMoxgwbtETCbmEdmMMw%3D%3D&trk=public_jobs_jserp-result_search-card
55,Chief Strategy & Resources.,Office of the Director of National Intelligence,"Bethesda, MD",https://www.linkedin.com/jobs/view/chief-strategy-resources-at-office-of-the-director-of-national-intelligence-4014422222?position=39&pageNum=0&refId=uPux%2FdM3IJyqQ3f74hDeJg%3D%3D&trackingId=nVO0WD8sQglyqvwu4rU7cw%3D%3D&trk=public_jobs_jserp-result_search-card
56,CAD Drafter (ENTRY LEVEL),Actalent,"Exton, PA",https://www.linkedin.com/jobs/view/cad-drafter-entry-level-at-actalent-4014421371?position=40&pageNum=0&refId=uPux%2FdM3IJyqQ3f74hDeJg%3D%3D&trackingId=IKbQFVUScliKx%2F2JLVMonA%3D%3D&trk=public_jobs_jserp-result_search-card
57,Pharmacy Technician (Remote),Actalent,"Orlando, FL",https://www.linkedin.com/jobs/view/pharmacy-technician-remote-at-actalent-4014421699?position=41&pageNum=0&refId=uPux%2FdM3IJyqQ3f74hDeJg%3D%3D&trackingId=JsFhYpe8PMfZtGNs%2F1abNw%3D%3D&trk=public_jobs_jserp-result_search-card
58,Business Process Engineer (Business Analyst),GD Resources,"Crownsville, MD",https://www.linkedin.com/jobs/view/business-process-engineer-business-analyst-at-gd-resources-4014276577?position=42&pageNum=0&refId=uPux%2FdM3IJyqQ3f74hDeJg%3D%3D&trackingId=HffX9cHUQldQP%2Fpsmj5Hsw%3D%3D&trk=public_jobs_jserp-result_search-card
